<?xml version="1.0" encoding="UTF-8"?>
<project-private xmlns="http://www.netbeans.org/ns/project-private/1">
    <editor-bookmarks xmlns="http://www.netbeans.org/ns/editor-bookmarks/2" lastBookmarkId="0"/>
    <open-files xmlns="http://www.netbeans.org/ns/projectui-open-files/2">
        <group>
            <file>file:/G:/My%20Drive/2nd%20Year/Winter%202023/COE%20528/Project/BookStoreApplication/src/bookstoreapplication/Customer.java</file>
            <file>file:/G:/My%20Drive/2nd%20Year/Winter%202023/COE%20528/Project/BookStoreApplication/src/bookstoreapplication/BuyScreen.java</file>
            <file>file:/G:/My%20Drive/2nd%20Year/Winter%202023/COE%20528/Project/BookStoreApplication/src/bookstoreapplication/CustomerMainScreen.java</file>
            <file>file:/G:/My%20Drive/2nd%20Year/Winter%202023/COE%20528/Project/BookStoreApplication/src/bookstoreapplication/CustomerCart.java</file>
            <file>file:/G:/My%20Drive/2nd%20Year/Winter%202023/COE%20528/Project/BookStoreApplication/src/bookstoreapplication/Book.java</file>
            <file>file:/G:/My%20Drive/2nd%20Year/Winter%202023/COE%20528/Project/BookStoreApplication/src/bookstoreapplication/BooksList.java</file>
            <file>file:/G:/My%20Drive/2nd%20Year/Winter%202023/COE%20528/Project/BookStoreApplication/src/bookstoreapplication/CustomerList.java</file>
        </group>
    </open-files>
</project-private>
